[
    {
        "id": "1",
        "name": "a",
        "address": "dhaka",
        "Action": "action"
    },
    {
        "id": "2",
        "name": "b",
        "address": "dhaka"

    },
    {
        "id": "3",
        "name": "c",
        "address": "dhaka"
    }
    ,
    {
        "id": "3",
        "name": "c",
        "address": "dhaka"
    },
    {
        "id": "3",
        "name": "c",
        "address": "dhaka"
    },
    {
        "id": "3",
        "name": "c",
        "address": "dhaka"
    },
    {
        "id": "3",
        "name": "c",
        "address": "dhaka"
    },
    {
        "id": "3",
        "name": "c",
        "address": "dhaka"
    },
    {
        "id": "3",
        "name": "c",
        "address": "dhaka"
    },
    {
        "id": "3",
        "name": "c",
        "address": "dhaka"
    },
    {
        "id": "3",
        "name": "c",
        "address": "dhaka"
    },
    {
        "id": "3",
        "name": "c",
        "address": "dhaka"
    },
    {
        "id": "3",
        "name": "c",
        "address": "dhaka"
    },
    {
        "id": "3",
        "name": "c",
        "address": "dhaka"
    }
]